order_id,first_name,last_name,email,Shipping Address,Shipping Country,Shipping Type,item,Colour,size
1674,Baryram,Dixcee,bdixcee0@infoseek.co.jp,71 Macpherson Plaza,China,5 Day,TShirt,Black,Small
1324,Shari,Farlambe,sfarlambe1@sun.com,9265 Canary Pass,Peru,1 Day,Hat,Yellow,Small
9775,Natalina,Ottiwill,nottiwill2@privacy.gov.au,196 Hagan Junction,Bangladesh,5 Day,TShirt,Grey,X Large
6429,Naoma,Nolli,nnolli3@china.com.cn,4 Bonner Pass,Kosovo,2 Day,Hat,Yellow,X Large
6868,Arline,Kirkam,akirkam4@ft.com,23661 Boyd Parkway,Thailand,2 Day,Sweatshirt,Grey,Large
2020,Aldric,Ravillas,aravillas5@devhub.com,83568 Sullivan Hill,China,1 Day,Hat,Black,Large
2328,Lexie,Hayles,lhayles6@weather.com,5001 David Trail,Indonesia,5 Day,Hat,Black,Medium
4194,Marlo,Foulis,mfoulis7@slashdot.org,3 Mendota Junction,Russia,5 Day,TShirt,Grey,Small
6715,Alberta,Mahedy,amahedy8@studiopress.com,556 Carioca Point,Greece,2 Day,TShirt,Yellow,Small
1206,Fonzie,Dunn,fdunn9@wisc.edu,31416 Washington Circle,China,5 Day,Hat,Red,X Large
3852,Bev,Newport,bnewporta@nature.com,0155 South Point,China,5 Day,Sweatshirt,Black,X Large
9060,Kit,Josham,kjoshamb@usda.gov,80070 Claremont Trail,Iraq,1 Day,Sweatshirt,White,Medium
8349,Hilary,Biasio,hbiasioc@ebay.co.uk,96 Schmedeman Avenue,China,2 Day,Sweatshirt,Black,Large
2435,Liz,Rooksby,lrooksbyd@paypal.com,564 Victoria Circle,Ecuador,2 Day,Hat,White,Large
8380,Venita,Weldon,vweldone@java.com,88637 Farwell Point,China,5 Day,Sweatshirt,White,X Large
2060,Willi,Christauffour,wchristauffourf@comsenz.com,3948 Blackbird Crossing,New Zealand,1 Day,Sweatshirt,Grey,Large
1451,Hyacinthie,Bleier,hbleierg@sohu.com,272 Reindahl Pass,Czech Republic,5 Day,Hat,Red,X Large
2431,Verla,Easbie,veasbieh@pcworld.com,99447 Schlimgen Park,China,5 Day,TShirt,Black,Large
9063,Virge,Cheel,vcheeli@umich.edu,4 Larry Pass,Denmark,5 Day,Sweatshirt,Grey,Large
2131,Merell,Gallanders,mgallandersj@independent.co.uk,624 Sommers Hill,China,1 Day,Hat,Grey,Large
7669,Nessy,Cherrett,ncherrettk@nifty.com,5 Esch Crossing,China,5 Day,TShirt,Black,Small
4927,Faulkner,Wisam,fwisaml@unicef.org,0251 Blaine Point,Mexico,5 Day,Hoody,Red,Small
9763,Dallon,Lowdeane,dlowdeanem@guardian.co.uk,1 Shelley Lane,China,5 Day,Sweatshirt,White,Small
3915,Peggy,Nutkins,pnutkinsn@zdnet.com,506 Northwestern Park,Poland,1 Day,Hoody,Red,Medium
8210,Davie,Crews,dcrewso@e-recht24.de,882 Duke Terrace,China,2 Day,Hat,Black,Medium
2991,Annis,Tunaclift,atunacliftp@dropbox.com,147 Petterle Drive,Ireland,5 Day,Hoody,Yellow,X Large
5577,Thaine,Rydeard,trydeardq@alexa.com,8360 Shelley Parkway,Barbados,1 Day,Hat,Yellow,Small
2955,Carolyne,Harsnep,charsnepr@skype.com,96 1st Alley,Japan,5 Day,Hat,Grey,Large
2816,Floria,Havvock,fhavvocks@gnu.org,46062 Hoepker Plaza,France,5 Day,Hat,Red,Medium
6772,Jorrie,Hebburn,jhebburnt@psu.edu,213 Bellgrove Trail,Indonesia,1 Day,Sweatshirt,Grey,Large
6365,Kylie,McLucky,kmcluckyu@xinhuanet.com,4166 Blackbird Way,Czech Republic,5 Day,Hoody,Grey,Medium
7087,Leone,Frude,lfrudev@dedecms.com,7906 Clemons Avenue,Peru,1 Day,Hoody,Black,X Large
6881,Leroi,Corryer,lcorryerw@auda.org.au,8415 Del Mar Center,China,1 Day,TShirt,Grey,Large
9344,Murry,Emnoney,memnoneyx@youtu.be,257 Saint Paul Junction,Latvia,5 Day,Hoody,Red,Medium
6175,Son,Burbury,sburburyy@weibo.com,030 La Follette Place,Indonesia,1 Day,TShirt,Yellow,Small
4823,Deena,Choppin,dchoppinz@slate.com,4 Dryden Road,Brazil,5 Day,TShirt,White,Medium
6661,Fitz,Campes,fcampes10@people.com.cn,98312 Glendale Way,Bosnia and Herzegovina,1 Day,Sweatshirt,White,Large
6282,Cele,Solloway,csolloway11@livejournal.com,15 Express Trail,Philippines,1 Day,Hat,Red,Small
7101,Janelle,Bishopp,jbishopp12@state.gov,0 Stone Corner Terrace,Indonesia,2 Day,Hoody,Red,Medium
1154,Darn,Polland,dpolland13@vinaora.com,66327 La Follette Lane,Brazil,1 Day,TShirt,White,Small
4681,Elston,Stallan,estallan14@studiopress.com,4376 Mccormick Point,Indonesia,5 Day,Sweatshirt,Red,X Large
1777,Chan,Duchesne,cduchesne15@live.com,071 Pine View Point,Peru,1 Day,TShirt,Black,Medium
3483,Sarge,Flattman,sflattman16@networkadvertising.org,3859 Packers Terrace,Portugal,1 Day,Hoody,White,Large
9420,Analise,Backshell,abackshell17@t.co,5 Forster Hill,Spain,2 Day,TShirt,White,Small
6050,Gretta,MacNucator,gmacnucator18@godaddy.com,58838 Corben Drive,Morocco,5 Day,Hat,Red,Large
4246,Johnny,Sutlieff,jsutlieff19@arstechnica.com,64424 Pepper Wood Pass,Bulgaria,1 Day,TShirt,Red,Medium
4778,Penelope,Evesque,pevesque1a@amazon.co.jp,869 Pierstorff Lane,China,2 Day,TShirt,Black,X Large
5016,Gusella,Milburne,gmilburne1b@answers.com,4288 Riverside Park,Cameroon,1 Day,TShirt,Black,Medium
2129,Laverne,Rogeon,lrogeon1c@boston.com,48 Claremont Trail,Colombia,2 Day,Hoody,Grey,Large
2205,Martita,Rainton,mrainton1d@altervista.org,855 Manufacturers Avenue,Russia,2 Day,Hoody,Yellow,X Large
2014,Cullen,Heale,cheale1e@trellian.com,3418 Carpenter Court,Philippines,1 Day,Hoody,Yellow,Small
9374,Cathe,Tiffney,ctiffney1f@godaddy.com,1 Shopko Center,Indonesia,1 Day,Sweatshirt,Grey,X Large
5946,Osmond,Baudry,obaudry1g@boston.com,63873 Namekagon Point,Japan,2 Day,Hoody,White,Small
8677,Rici,Bedinn,rbedinn1h@about.com,71735 Cascade Place,China,2 Day,Hat,Red,Large
3322,Lorain,Trewinnard,ltrewinnard1i@booking.com,8493 Oak Pass,Czech Republic,1 Day,Hat,Black,Medium
7345,Reba,Gorrie,rgorrie1j@paginegialle.it,80258 Fordem Pass,Taiwan,5 Day,Sweatshirt,Yellow,X Large
9387,Gabie,Longshaw,glongshaw1k@taobao.com,39525 Portage Park,Philippines,1 Day,TShirt,Grey,X Large
6804,Cissy,Eveleigh,ceveleigh1l@weather.com,88 Cottonwood Plaza,Russia,1 Day,Hat,Yellow,Medium
3482,Durante,Southcomb,dsouthcomb1m@salon.com,13593 Vernon Trail,China,1 Day,Sweatshirt,Red,Medium
9032,Helyn,Staziker,hstaziker1n@photobucket.com,29428 Glendale Pass,Kenya,5 Day,TShirt,Red,X Large
6865,Beverley,Henrych,bhenrych1o@harvard.edu,9 Truax Avenue,Indonesia,2 Day,Hat,Red,Large
2010,Hall,Durnell,hdurnell1p@google.fr,62162 Farragut Park,Ukraine,5 Day,TShirt,Black,Medium
7511,Jackie,Ingman,jingman1q@smh.com.au,9 Killdeer Parkway,Russia,2 Day,TShirt,Red,Medium
1656,Hilarius,Garvagh,hgarvagh1r@hugedomains.com,8 Northview Point,Thailand,1 Day,Hoody,Yellow,X Large
9345,Husain,Rogger,hrogger1s@craigslist.org,240 Meadow Vale Point,Albania,1 Day,TShirt,White,Small
5548,Midge,Kield,mkield1t@liveinternet.ru,7 Burning Wood Road,Czech Republic,1 Day,Hoody,White,X Large
6361,Anthiathia,Narrie,anarrie1u@chicagotribune.com,4 Marcy Point,China,5 Day,Sweatshirt,Red,Small
1998,Selina,D'Ruel,sdruel1v@scribd.com,20 Southridge Center,China,1 Day,Hoody,Yellow,X Large
1493,Maurizia,Felix,mfelix1w@de.vu,1 Havey Avenue,Brazil,5 Day,TShirt,Black,X Large
9504,Constantino,Quadrio,cquadrio1x@salon.com,8 Meadow Ridge Trail,Tunisia,2 Day,Hoody,Grey,X Large
3665,Weider,Logan,wlogan1y@hexun.com,312 Shasta Drive,Indonesia,5 Day,Hoody,Black,Small
1163,Ruperto,Taye,rtaye1z@accuweather.com,93 Eliot Way,Dominican Republic,5 Day,Hoody,Black,Large
8212,Louise,Croll,lcroll20@irs.gov,15386 Upham Street,China,5 Day,Hat,Grey,X Large
7511,Josefa,Durrell,jdurrell21@altervista.org,8 Trailsway Plaza,Nicaragua,2 Day,Sweatshirt,Red,Large
3468,Jinny,Duetschens,jduetschens22@phoca.cz,5943 Manufacturers Point,China,5 Day,Hat,Grey,Large
5225,Pebrook,Victory,pvictory23@ibm.com,36173 Havey Street,Portugal,2 Day,TShirt,Black,Large
3982,Alexina,Thornley,athornley24@indiatimes.com,9105 Grayhawk Trail,China,1 Day,Sweatshirt,Black,X Large
5023,Elinor,Fynes,efynes25@t-online.de,84 Dahle Plaza,China,2 Day,Hat,Red,Medium
9458,Lamar,Eitter,leitter26@blogtalkradio.com,499 Mallard Avenue,Thailand,1 Day,Sweatshirt,Black,Small
5068,Tybalt,Stonner,tstonner27@yolasite.com,66146 Briar Crest Trail,China,1 Day,Sweatshirt,Red,Small
2079,Noll,Pree,npree28@time.com,732 4th Trail,Canada,1 Day,Hoody,White,X Large
2774,Julienne,Torri,jtorri29@wiley.com,9 Anhalt Road,China,2 Day,Sweatshirt,Yellow,Small
9761,Myra,Vanyashin,mvanyashin2a@google.cn,90714 School Terrace,China,5 Day,Sweatshirt,White,Small
6500,Anabella,Tollfree,atollfree2b@aol.com,306 Oak Valley Plaza,Portugal,1 Day,Hoody,White,Small
1356,Abbey,Oehm,aoehm2c@unblog.fr,6 Homewood Avenue,France,1 Day,Sweatshirt,Black,Medium
2561,Jeremias,Gailor,jgailor2d@google.de,4 Lawn Street,Colombia,5 Day,Hoody,Yellow,Medium
6603,Jesse,Loade,jloade2e@technorati.com,8 Springview Plaza,Russia,2 Day,TShirt,Yellow,Small
8251,Fraze,Brydon,fbrydon2f@aboutads.info,52 Hanson Alley,Nicaragua,2 Day,TShirt,Red,Small
9255,Amby,Blinerman,ablinerman2g@weebly.com,1244 Butternut Pass,Cambodia,5 Day,Hoody,Grey,Small
7793,Gerty,O'Bradane,gobradane2h@symantec.com,3 Nancy Crossing,Germany,1 Day,TShirt,Red,Large
9281,Zack,Pashler,zpashler2i@fc2.com,073 Blaine Street,Peru,5 Day,Hoody,Red,Medium
1278,Valdemar,Rolling,vrolling2j@etsy.com,9 Carioca Parkway,China,2 Day,Hoody,Black,X Large
1132,Selig,Muggleton,smuggleton2k@usa.gov,31556 Stephen Center,Tanzania,2 Day,Sweatshirt,Grey,Large
7081,Dewain,Hylton,dhylton2l@un.org,61937 Londonderry Park,China,1 Day,TShirt,Grey,Small
7522,Corrianne,Stearne,cstearne2m@paginegialle.it,07 Lighthouse Bay Road,Indonesia,5 Day,Hat,Red,X Large
6672,Brynna,Golden of Ireland,bgoldenofireland2n@nps.gov,08500 Scofield Avenue,Japan,2 Day,Hat,Red,Large
5219,Doralia,Dennidge,ddennidge2o@youtu.be,0408 Thompson Circle,Philippines,2 Day,TShirt,Red,Large
7259,Alison,Folker,afolker2p@comsenz.com,4 Comanche Pass,Luxembourg,2 Day,Hoody,Grey,Small
1268,Warde,Peck,wpeck2q@pbs.org,691 Parkside Court,China,5 Day,Hoody,White,Large
1927,Justinian,Minghi,jminghi2r@hao123.com,88659 Grasskamp Junction,Portugal,1 Day,Hat,Grey,X Large
4335,Eugine,Kedie,ekedie2s@slideshare.net,8801 Esker Point,Colombia,5 Day,Sweatshirt,Grey,X Large
9186,Geri,Easter,geaster2t@msn.com,9 Starling Center,Russia,1 Day,Sweatshirt,White,Small
4291,Bendick,Woltering,bwoltering2u@myspace.com,557 Darwin Trail,Kazakhstan,2 Day,Hoody,Red,X Large
7080,Doyle,McKinley,dmckinley2v@list-manage.com,260 Clemons Pass,Russia,1 Day,TShirt,Red,X Large
4249,Ellette,D'orsay,edorsay2w@ucoz.com,2262 Butternut Alley,China,1 Day,Sweatshirt,Black,Large
9290,Karie,Deer,kdeer2x@theguardian.com,5 Bluestem Road,Indonesia,2 Day,Sweatshirt,Black,Large
5232,Irwin,Brims,ibrims2y@nydailynews.com,1030 Talisman Hill,Brazil,1 Day,Hat,Grey,Large
1197,Britt,Allsep,ballsep2z@gnu.org,66880 Hayes Place,Cape Verde,2 Day,Hoody,Black,Medium
6715,Tomasina,Hamshar,thamshar30@archive.org,4 American Ash Park,Indonesia,5 Day,Hoody,Yellow,X Large
3505,Rorke,Chettle,rchettle31@fc2.com,607 Pine View Lane,China,5 Day,Hoody,Red,Large
9990,Ilyssa,Slingsby,islingsby32@vkontakte.ru,761 Ronald Regan Lane,Macedonia,1 Day,Sweatshirt,Yellow,X Large
7901,Florette,Hardway,fhardway33@sun.com,127 Donald Parkway,Philippines,2 Day,Sweatshirt,Yellow,X Large
7429,Branden,Simnel,bsimnel34@weibo.com,3121 Ohio Pass,Nigeria,5 Day,TShirt,Red,Medium
2793,Moore,Halso,mhalso35@who.int,290 Badeau Pass,Peru,1 Day,Hat,Yellow,X Large
2198,Timothy,Domenichini,tdomenichini36@hhs.gov,87 Raven Drive,Poland,2 Day,Hat,White,X Large
8741,Francisca,Rushmer,frushmer37@alibaba.com,7643 Harbort Point,Brazil,5 Day,Hat,White,Medium
4773,Etienne,Bilbee,ebilbee38@mapquest.com,60446 Portage Circle,Colombia,2 Day,TShirt,White,Small
3976,Jenni,Straneo,jstraneo39@about.me,6 Kings Center,China,1 Day,Sweatshirt,Yellow,X Large
8188,Inge,Haskur,ihaskur3a@whitehouse.gov,42253 Vermont Crossing,Brazil,1 Day,Hoody,Red,Medium
5425,Darnell,Overel,doverel3b@google.co.uk,39 Crest Line Hill,Slovenia,5 Day,Sweatshirt,Black,Small
1229,Tarra,Staneland,tstaneland3c@berkeley.edu,84073 Moland Court,China,2 Day,Sweatshirt,Grey,Medium
8377,Ebonee,Ogden,eogden3d@npr.org,41 Fulton Point,Kenya,1 Day,Hoody,Red,Large
3153,Rolando,Fumagallo,rfumagallo3e@biglobe.ne.jp,2 Nobel Junction,Indonesia,1 Day,TShirt,Yellow,X Large
7043,Catarina,Haslegrave,chaslegrave3f@si.edu,865 Scoville Plaza,Indonesia,2 Day,Hoody,Black,Medium
4110,Hedwig,Ferrero,hferrero3g@hostgator.com,1 Nelson Alley,China,2 Day,Sweatshirt,Red,X Large
7982,Tedd,Seargeant,tseargeant3h@booking.com,3 Valley Edge Lane,China,2 Day,Hoody,Yellow,Large
9743,Kora,Leivers,kleivers3i@over-blog.com,28 Little Fleur Alley,Indonesia,2 Day,TShirt,Yellow,Large
7847,Sidnee,Strank,sstrank3j@icio.us,7293 Evergreen Plaza,Afghanistan,1 Day,Sweatshirt,White,Small
1538,Herbie,McGarry,hmcgarry3k@utexas.edu,4 Hintze Circle,Portugal,5 Day,Hoody,Grey,Large
2044,Tracey,Rosevear,trosevear3l@amazon.co.jp,9 Norway Maple Parkway,China,1 Day,Hat,Grey,Medium
1267,Meagan,Petrazzi,mpetrazzi3m@163.com,929 Kipling Parkway,China,2 Day,TShirt,Grey,Large
8730,Darlene,Avraham,davraham3n@nationalgeographic.com,7810 Stoughton Park,Libya,1 Day,Hat,Red,Medium
9693,Jamil,Beldan,jbeldan3o@unesco.org,24 Laurel Place,China,1 Day,Hat,Yellow,Large
9394,Frazer,Gotter,fgotter3p@army.mil,89232 Ridge Oak Parkway,China,1 Day,Hoody,White,X Large
5729,Tammie,Tedahl,ttedahl3q@tumblr.com,30640 Summer Ridge Street,United States,2 Day,Hoody,Grey,Small
2366,Kat,Trusse,ktrusse3r@themeforest.net,60702 Gerald Road,Costa Rica,2 Day,Hat,Yellow,X Large
6881,Dorotea,Lonnon,dlonnon3s@java.com,4 Heffernan Center,China,1 Day,Sweatshirt,Yellow,Small
8229,Ethelyn,Geator,egeator3t@dyndns.org,1255 Michigan Street,Colombia,5 Day,Sweatshirt,Black,Medium
5651,Maurene,Zouch,mzouch3u@google.com.au,9 Oxford Point,Republic of the Congo,5 Day,TShirt,Yellow,Medium
5965,Lari,Nulty,lnulty3v@home.pl,52759 Donald Point,Russia,2 Day,Hoody,Red,Large
7540,Eartha,Vickars,evickars3w@blogtalkradio.com,8 Dexter Crossing,Argentina,2 Day,Hoody,Yellow,X Large
9986,Henderson,Cobbald,hcobbald3x@uol.com.br,358 Pearson Way,Indonesia,5 Day,Sweatshirt,Black,Large
5895,Mattias,MacNeice,mmacneice3y@soup.io,23988 Mitchell Park,Philippines,2 Day,Hat,White,Medium
7283,Denys,Daintree,ddaintree3z@samsung.com,2822 Melvin Parkway,Serbia,1 Day,Sweatshirt,Yellow,Medium
7848,Conrado,Heijne,cheijne40@weather.com,885 Elka Road,Nicaragua,1 Day,Sweatshirt,Grey,X Large
7351,Ned,Sibly,nsibly41@creativecommons.org,24145 Village Green Avenue,Austria,2 Day,Hat,Yellow,Small
5897,Gina,Rodger,grodger42@wufoo.com,0 Larry Circle,Nigeria,2 Day,Sweatshirt,Grey,X Large
8547,Porty,Ladon,pladon43@feedburner.com,6930 Longview Hill,Russia,1 Day,Hat,White,Small
2151,Maryrose,Boullin,mboullin44@china.com.cn,2 Vermont Center,Panama,5 Day,TShirt,Yellow,X Large
7628,Coleman,Duinbleton,cduinbleton45@hibu.com,6105 Rusk Drive,Philippines,5 Day,TShirt,Grey,X Large
1733,Patrizia,Valentim,pvalentim46@ovh.net,9 Hooker Way,Peru,2 Day,Hoody,White,Small
8172,Marshal,Pyke,mpyke47@columbia.edu,77 Anniversary Road,Uruguay,5 Day,TShirt,White,Medium
2606,Rasia,Pymm,rpymm48@phpbb.com,63290 Sutherland Trail,China,2 Day,Sweatshirt,Red,X Large
9529,Carny,Fazackerley,cfazackerley49@gizmodo.com,132 Dovetail Junction,Indonesia,5 Day,TShirt,Grey,X Large
1226,Clair,Forestall,cforestall4a@over-blog.com,515 Scott Circle,Croatia,5 Day,Hoody,Black,Large
5558,Ellerey,Halgarth,ehalgarth4b@prnewswire.com,54683 Red Cloud Trail,Colombia,1 Day,Hat,Yellow,Large
4935,Alaster,Streatley,astreatley4c@netlog.com,38155 Waxwing Court,El Salvador,5 Day,TShirt,Grey,Large
6884,Tammy,Schutt,tschutt4d@g.co,001 Dorton Road,Malta,1 Day,Sweatshirt,Black,Large
8534,Dion,Beltzner,dbeltzner4e@dailymail.co.uk,5912 Prairie Rose Junction,Philippines,5 Day,Hoody,Yellow,Large
7262,Irwin,Chisman,ichisman4f@163.com,47 Sundown Park,China,2 Day,Hoody,White,X Large
8099,Deidre,Ambrose,dambrose4g@abc.net.au,16 Lyons Court,Indonesia,2 Day,TShirt,Grey,X Large
6614,Terra,Margram,tmargram4h@google.ru,68771 Jenifer Court,United States,2 Day,Sweatshirt,Red,Small
5368,Patty,Nettleship,pnettleship4i@zimbio.com,910 Cardinal Way,China,2 Day,Hat,Grey,Small
8037,Gauthier,Syrad,gsyrad4j@canalblog.com,5849 Sullivan Pass,China,2 Day,Hoody,Red,X Large
5159,Natal,Martina,nmartina4k@imgur.com,70215 Lakeland Terrace,Argentina,1 Day,TShirt,Black,Large
8313,Chantal,Marxsen,cmarxsen4l@intel.com,97960 Cambridge Street,China,1 Day,Hat,Grey,X Large
1020,Augustin,Henningham,ahenningham4m@washingtonpost.com,567 Dakota Place,Philippines,1 Day,Hoody,Grey,Small
4657,Selena,Coenraets,scoenraets4n@furl.net,2 Melby Terrace,China,5 Day,Hat,White,Large
9037,Vivie,McGregor,vmcgregor4o@ehow.com,4583 Parkside Hill,Philippines,2 Day,Hat,White,Large
6219,Blondy,Mateo,bmateo4p@umich.edu,7 Jana Point,Russia,5 Day,TShirt,Yellow,Small
6753,Waiter,Kelley,wkelley4q@cocolog-nifty.com,24349 Superior Hill,Venezuela,1 Day,Sweatshirt,Yellow,Medium
2170,Phil,Fance,pfance4r@zdnet.com,1237 Gerald Center,Vietnam,5 Day,TShirt,Yellow,Large
2382,Wendye,Scotchmoor,wscotchmoor4s@bbb.org,06859 Melrose Plaza,Indonesia,2 Day,TShirt,Black,Medium
7333,Clo,Sher,csher4t@gravatar.com,14 Hovde Avenue,Panama,1 Day,Hoody,Red,Medium
1807,Anselm,Diwell,adiwell4u@topsy.com,11842 Scofield Place,China,2 Day,TShirt,Yellow,Medium
2194,Bordy,Wehner,bwehner4v@alibaba.com,44 Crowley Street,Colombia,1 Day,TShirt,Red,Small
2670,Ansell,Lammerich,alammerich4w@google.es,98931 Sachtjen Pass,China,5 Day,Hat,Red,Large
9061,Lari,Grahl,lgrahl4x@jalbum.net,84681 Londonderry Park,North Korea,5 Day,Hoody,Grey,Small
1172,Lorri,Bickerton,lbickerton4y@spotify.com,1808 Blackbird Parkway,Russia,1 Day,Hoody,Black,Large
7406,Mike,Drains,mdrains4z@dmoz.org,25 Laurel Drive,Palestinian Territory,5 Day,Hoody,Red,Large
2558,Burgess,Keeley,bkeeley50@histats.com,316 Armistice Pass,China,2 Day,Hat,Yellow,Large
4358,Creigh,Alans,calans51@bing.com,86 Glacier Hill Hill,China,5 Day,Hat,Grey,Small
6000,Raphaela,Leach,rleach52@census.gov,21 Pennsylvania Street,Malta,5 Day,Hoody,Grey,Small
8006,Hewett,Beacom,hbeacom53@spotify.com,94225 Becker Crossing,Portugal,1 Day,TShirt,White,Medium
3111,Stephana,Northen,snorthen54@unicef.org,2 Bellgrove Avenue,South Korea,2 Day,TShirt,White,X Large
5492,Basil,Passion,bpassion55@mayoclinic.com,15478 Glendale Court,Luxembourg,2 Day,TShirt,Black,Medium
2989,Lorraine,Chezelle,lchezelle56@bing.com,11061 Barnett Avenue,France,2 Day,TShirt,Black,Medium
5554,Lizzie,Jakubovsky,ljakubovsky57@ifeng.com,019 Commercial Way,Burundi,2 Day,Hat,Black,Medium
5997,Benyamin,Hardeman,bhardeman58@bbc.co.uk,48275 Vahlen Alley,Philippines,2 Day,Sweatshirt,Black,Medium
2963,Ariadne,Aleksidze,aaleksidze59@ebay.com,80 New Castle Plaza,Philippines,5 Day,Sweatshirt,White,Medium
5117,Neron,Roscoe,nroscoe5a@disqus.com,5458 Coolidge Crossing,Russia,1 Day,Sweatshirt,White,Small
8236,Dom,Butcher,dbutcher5b@dedecms.com,105 John Wall Court,Greece,2 Day,Sweatshirt,Red,Large
4499,Doe,Rofe,drofe5c@yolasite.com,3 Nancy Trail,Hungary,1 Day,Hoody,Red,Small
8934,Sky,Skrzynski,sskrzynski5d@gizmodo.com,3 Barby Parkway,China,1 Day,Hat,White,X Large
9970,Guenevere,Ganing,gganing5e@1und1.de,15196 Dunning Crossing,China,5 Day,Hoody,Yellow,X Large
9946,Winslow,Frenzl,wfrenzl5f@msn.com,46724 Dapin Center,Norway,2 Day,TShirt,Yellow,X Large
9450,Lenette,Perett,lperett5g@behance.net,22 Bayside Hill,Brazil,2 Day,Sweatshirt,Grey,Large
7675,Brynna,Burdikin,bburdikin5h@icio.us,23249 Texas Junction,Indonesia,5 Day,TShirt,Red,Medium
9344,Borg,Showler,bshowler5i@slashdot.org,268 Starling Junction,Colombia,5 Day,Sweatshirt,Yellow,Large
8157,Nick,Saye,nsaye5j@icio.us,578 Thackeray Parkway,Portugal,1 Day,TShirt,Red,Large
9285,Latrina,Tunder,ltunder5k@go.com,3 Lighthouse Bay Street,Malaysia,1 Day,TShirt,Yellow,Small
2817,Der,McGinny,dmcginny5l@furl.net,619 Homewood Drive,Sweden,1 Day,Sweatshirt,Yellow,X Large
6497,Doralynn,Romeril,dromeril5m@tmall.com,4297 Badeau Street,Brazil,1 Day,Hat,Red,X Large
9631,Hort,Sanham,hsanham5n@smh.com.au,23 Kedzie Terrace,China,1 Day,TShirt,Black,Large
5463,Petrina,Pitt,ppitt5o@tamu.edu,7044 Spenser Court,Philippines,5 Day,Hoody,Black,Medium
2695,Roana,Kitchin,rkitchin5p@guardian.co.uk,76033 Blue Bill Park Way,Vietnam,2 Day,Sweatshirt,Yellow,Large
5983,Arch,Burwood,aburwood5q@slideshare.net,5627 Village Alley,China,1 Day,Hat,Red,Large
9322,Pinchas,Petras,ppetras5r@reuters.com,66349 Hanson Court,Indonesia,1 Day,Hoody,Black,Large
2724,Immanuel,Mancktelow,imancktelow5s@gmpg.org,95 Lawn Lane,Philippines,5 Day,Hat,Grey,X Large
2025,Truman,Growcott,tgrowcott5t@marriott.com,60365 School Plaza,China,1 Day,Sweatshirt,Red,Medium
7489,Avram,Langtree,alangtree5u@blogger.com,700 American Circle,Poland,5 Day,Hoody,Grey,Small
3976,Allsun,Woodgate,awoodgate5v@virginia.edu,84 Merry Point,Bosnia and Herzegovina,1 Day,TShirt,Red,X Large
7406,Farley,Coite,fcoite5w@example.com,03 Ridgeway Street,Tanzania,5 Day,TShirt,Grey,X Large
5852,Chev,Storrs,cstorrs5x@sciencedaily.com,16 Arizona Street,Mauritius,2 Day,Hoody,Black,Medium
8025,Rubie,Houndesome,rhoundesome5y@wikipedia.org,89175 Golf Course Street,China,5 Day,TShirt,Red,X Large
5977,Aldis,Danzey,adanzey5z@weebly.com,0 Armistice Avenue,France,2 Day,Hoody,Grey,Large
6610,Haily,Blaase,hblaase60@ft.com,29364 Warbler Street,Bosnia and Herzegovina,2 Day,Hoody,Grey,Small
3940,Waylen,Sturges,wsturges61@ed.gov,2 School Center,Russia,1 Day,Hat,White,X Large
5432,Trudie,Efford,tefford62@lulu.com,0688 Aberg Parkway,Yemen,2 Day,TShirt,Black,X Large
1787,Thorsten,Bythell,tbythell63@ca.gov,2 Reindahl Place,Indonesia,5 Day,Sweatshirt,Red,Large
1954,Karel,Siddens,ksiddens64@examiner.com,7 Dayton Crossing,Croatia,5 Day,Hoody,Grey,Large
3055,Dwain,Cowen,dcowen65@wunderground.com,854 Toban Pass,Philippines,5 Day,TShirt,Grey,Medium
9036,Coraline,O'Cosgra,cocosgra66@delicious.com,95445 Pennsylvania Plaza,China,5 Day,Sweatshirt,Yellow,Medium
7539,Jo,Rosina,jrosina67@cloudflare.com,04493 Sunbrook Street,Indonesia,2 Day,TShirt,Grey,X Large
4173,Saleem,Tinmouth,stinmouth68@booking.com,4 Bartillon Way,United States,2 Day,Hat,White,Large
9726,Guy,Pinck,gpinck69@parallels.com,688 Kinsman Parkway,China,2 Day,Hat,White,X Large
4025,Rodge,Keenleyside,rkeenleyside6a@cnn.com,78955 Kings Avenue,China,1 Day,Hat,Grey,X Large
4578,Carrol,McAster,cmcaster6b@last.fm,9636 Dunning Center,Peru,2 Day,Sweatshirt,Grey,X Large
7610,Lavinia,Reder,lreder6c@fda.gov,3108 Kennedy Parkway,Pakistan,2 Day,Sweatshirt,White,X Large
8104,Mattheus,Castellone,mcastellone6d@wired.com,11351 Sheridan Pass,Poland,2 Day,TShirt,Red,X Large
4860,Estrella,Blanko,eblanko6e@uol.com.br,9 Bunting Place,Greece,1 Day,Hoody,Black,Small
6226,Veradis,Leivers,vleivers6f@1und1.de,2720 Carberry Point,Philippines,1 Day,Hat,Yellow,X Large
8290,Vergil,Lacroutz,vlacroutz6g@ning.com,9 Coleman Plaza,France,1 Day,Sweatshirt,Red,Large
3362,Rafaello,Hasker,rhasker6h@wordpress.org,7436 Shelley Hill,Comoros,5 Day,Sweatshirt,Black,Small
2819,Normand,Van Cassel,nvancassel6i@dmoz.org,21729 Evergreen Alley,Indonesia,2 Day,TShirt,Grey,X Large
2083,Hansiain,Archell,harchell6j@jiathis.com,5409 Anhalt Terrace,Russia,5 Day,TShirt,Yellow,Medium
9250,Wilton,Le Marchand,wlemarchand6k@macromedia.com,18 Nova Terrace,Indonesia,2 Day,Hoody,White,X Large
1806,Kat,Salsbury,ksalsbury6l@nationalgeographic.com,01491 Lake View Street,Indonesia,1 Day,Hoody,White,X Large
6889,Kaela,Chamley,kchamley6m@4shared.com,87203 Haas Alley,France,5 Day,TShirt,Grey,X Large
4614,Lyn,McCourt,lmccourt6n@cam.ac.uk,5004 Chinook Alley,Mexico,1 Day,Hat,Grey,Large
2088,Audrie,Salvati,asalvati6o@symantec.com,268 Nobel Place,Philippines,2 Day,Hoody,Grey,X Large
4454,Robers,Joynson,rjoynson6p@jalbum.net,35873 Continental Crossing,Russia,1 Day,Hat,White,Small
2437,Perice,Bysshe,pbysshe6q@hp.com,49938 Riverside Street,China,5 Day,Sweatshirt,Black,Large
8648,Karlotte,Roly,kroly6r@altervista.org,0459 Glacier Hill Alley,Russia,5 Day,Sweatshirt,Black,Medium
6174,Nelly,Farry,nfarry6s@mit.edu,900 Stephen Parkway,Argentina,2 Day,Hat,Red,Medium
4314,Bartram,Bradley,bbradley6t@google.it,6 Clyde Gallagher Plaza,Ukraine,5 Day,Hoody,Yellow,X Large
3919,Johny,Windle,jwindle6u@wikipedia.org,814 Westport Trail,Yemen,2 Day,Hoody,Yellow,Large
5237,Alla,Blackesland,ablackesland6v@meetup.com,04 Longview Circle,Brazil,5 Day,Hat,Yellow,X Large
6002,Conrado,Mattersey,cmattersey6w@typepad.com,34207 Meadow Ridge Lane,Philippines,2 Day,Sweatshirt,Yellow,X Large
7479,Margareta,Starbeck,mstarbeck6x@free.fr,222 Summerview Plaza,Benin,1 Day,Hat,Grey,Medium
6965,Aurlie,Rapper,arapper6y@jiathis.com,54222 Monterey Crossing,Sweden,1 Day,Hoody,Black,X Large
7678,Trumaine,Carlet,tcarlet6z@tuttocitta.it,6 Fair Oaks Avenue,Nigeria,2 Day,Hoody,Grey,Small
4141,Clara,Broodes,cbroodes70@xrea.com,37415 Erie Parkway,China,2 Day,Hat,Grey,Large
1604,Gard,Godmar,ggodmar71@reuters.com,22 Glacier Hill Crossing,China,2 Day,Hoody,Black,Large
4618,Modestia,Kenforth,mkenforth72@e-recht24.de,63 Redwing Circle,China,2 Day,Hat,Yellow,Large
4472,Sharona,Whelan,swhelan73@pbs.org,3926 Melody Plaza,Argentina,2 Day,TShirt,Red,X Large
4339,Sammy,Winsor,swinsor74@buzzfeed.com,34 Garrison Hill,Philippines,5 Day,Hat,Yellow,Large
8876,Keri,Allot,kallot75@livejournal.com,7086 Northport Street,Russia,1 Day,Hoody,Red,X Large
3140,Evered,January,ejanuary76@meetup.com,193 Sunfield Lane,Sweden,1 Day,Sweatshirt,White,Medium
2029,Bonnibelle,Island,bisland77@sitemeter.com,722 Toban Road,China,5 Day,Hat,Red,Small
1876,Dwayne,Reinhardt,dreinhardt78@nytimes.com,91062 Dixon Street,Paraguay,5 Day,Sweatshirt,Grey,Large
6994,Winnie,Dudenie,wdudenie79@networksolutions.com,0944 Evergreen Junction,Greece,5 Day,Sweatshirt,Black,X Large
6716,Ibbie,McCrossan,imccrossan7a@unblog.fr,0 Gina Center,Sri Lanka,5 Day,Hoody,Grey,Small
1779,Joellen,Lorente,jlorente7b@goo.ne.jp,3 Pankratz Point,Argentina,1 Day,Hoody,Yellow,X Large
9262,Errick,Falcus,efalcus7c@i2i.jp,5 Hooker Terrace,Indonesia,2 Day,Sweatshirt,White,Medium
7434,Sydel,Kennett,skennett7d@ifeng.com,6 Forest Run Pass,Brazil,1 Day,Hat,White,X Large
3430,Jedd,Killgus,jkillgus7e@jimdo.com,19444 Scofield Junction,Czech Republic,2 Day,Hat,Grey,Small
6343,Aubert,Corris,acorris7f@bloglines.com,13891 Garrison Crossing,Micronesia,1 Day,Hoody,Grey,X Large
1063,Darwin,Gardiner,dgardiner7g@sciencedaily.com,071 Duke Road,China,1 Day,Hoody,Black,X Large
3266,Claudianus,Cowdroy,ccowdroy7h@wunderground.com,338 Crowley Drive,Sweden,1 Day,Hoody,Red,Large
5439,Staffard,Berzon,sberzon7i@parallels.com,0 Straubel Crossing,Poland,2 Day,Hoody,Yellow,X Large
9698,Courtnay,Dreini,cdreini7j@feedburner.com,5 Mayer Pass,China,2 Day,Sweatshirt,Grey,Large
3566,Vere,Casburn,vcasburn7k@ebay.com,26 Bonner Park,Peru,5 Day,Sweatshirt,Grey,X Large
7175,Asa,Craighead,acraighead7l@nydailynews.com,3389 Packers Center,Brazil,2 Day,Sweatshirt,Black,Small
4180,Clem,Verdy,cverdy7m@oaic.gov.au,67 Hagan Drive,Czech Republic,2 Day,Hat,Red,X Large
4784,Anthe,Keniwell,akeniwell7n@seesaa.net,62909 Harper Place,Canada,2 Day,Hoody,Black,Large
4098,Sukey,Woodrough,swoodrough7o@cisco.com,765 Lighthouse Bay Plaza,Morocco,2 Day,Hat,Red,Large
2432,Anny,Worsham,aworsham7p@mozilla.org,966 Carey Place,Indonesia,1 Day,TShirt,White,Large
3243,Alan,Yandle,ayandle7q@businessweek.com,6 Dakota Plaza,Philippines,1 Day,TShirt,White,Small
4558,Emyle,Woollacott,ewoollacott7r@gizmodo.com,26 Kropf Alley,China,2 Day,Hoody,Yellow,Small
2862,Brad,Candlish,bcandlish7s@reverbnation.com,10 Annamark Hill,Czech Republic,5 Day,Hoody,Red,Small
6540,Herculie,August,haugust7t@upenn.edu,9011 6th Hill,Philippines,5 Day,Hoody,Yellow,X Large
4744,Lacy,Balf,lbalf7u@ameblo.jp,56054 Mandrake Circle,Argentina,5 Day,TShirt,Yellow,Small
7878,Magda,Di Maria,mdimaria7v@sbwire.com,3 Macpherson Plaza,Ecuador,1 Day,Hoody,Grey,Small
5510,Osbourne,Carlet,ocarlet7w@odnoklassniki.ru,545 Alpine Lane,Macedonia,5 Day,Sweatshirt,Red,Medium
7051,Meggy,Suddaby,msuddaby7x@amazonaws.com,50 Service Center,Argentina,1 Day,TShirt,Grey,Small
8037,Cly,Peagrim,cpeagrim7y@zdnet.com,76052 Annamark Center,Indonesia,5 Day,Sweatshirt,Black,Medium
8316,Dewie,Gyse,dgyse7z@phpbb.com,21 Pawling Crossing,China,5 Day,Hoody,Grey,Small
5923,Gaspard,Knuckles,gknuckles80@cbc.ca,8 Bluestem Trail,China,1 Day,Hat,Black,X Large
7805,Eal,Johantges,ejohantges81@discovery.com,3653 Morningstar Parkway,China,1 Day,TShirt,Grey,Small
1108,Duane,Basey,dbasey82@mac.com,91338 Pankratz Place,Ukraine,1 Day,TShirt,White,Medium
7185,Dani,Sibbson,dsibbson83@sciencedirect.com,6 Springview Trail,Estonia,5 Day,Hoody,Black,Small
3820,Aile,Dykes,adykes84@soup.io,24901 Lien Terrace,China,5 Day,Sweatshirt,Black,Large
2605,Valaria,Cohan,vcohan85@twitter.com,02 Pankratz Hill,Netherlands,2 Day,TShirt,Black,X Large
1878,Siffre,Orrey,sorrey86@bigcartel.com,05 Brickson Park Junction,Benin,2 Day,Hoody,Grey,X Large
2158,Nathalia,Aikin,naikin87@irs.gov,5638 Bunting Point,Afghanistan,2 Day,TShirt,Grey,Medium
2117,Allie,Di Pietro,adipietro88@google.de,64081 Logan Center,Malaysia,5 Day,Sweatshirt,Red,Large
9071,Kipp,Courtney,kcourtney89@ihg.com,10771 Vidon Avenue,China,5 Day,TShirt,Yellow,Medium
6408,Yank,Fradgley,yfradgley8a@gov.uk,99 Forest Run Terrace,France,5 Day,Hat,White,Large
3470,Kimberley,Baxster,kbaxster8b@booking.com,4196 Fairfield Alley,Thailand,5 Day,TShirt,Red,Small
9908,Jamaal,Bickerstaff,jbickerstaff8c@yellowpages.com,0 Lakewood Gardens Road,Indonesia,1 Day,Sweatshirt,Black,Large
6928,Sacha,Witham,switham8d@msu.edu,67536 Pine View Trail,Palestinian Territory,5 Day,TShirt,Yellow,Large
8628,Hal,Delafont,hdelafont8e@live.com,52 Oneill Center,China,2 Day,Hat,Grey,Medium
6380,Reagan,Bresson,rbresson8f@dmoz.org,169 Debs Street,Russia,1 Day,Hat,Yellow,Small
4457,Talya,Abbatini,tabbatini8g@boston.com,0803 Del Mar Drive,Latvia,5 Day,Hat,Grey,Medium
8571,Edmon,Augustus,eaugustus8h@pen.io,98 Green Crossing,Malawi,5 Day,Hoody,Black,Large
6791,Eirena,Stapley,estapley8i@admin.ch,25 Hollow Ridge Terrace,Colombia,1 Day,Hat,Yellow,Small
3994,Goober,Peaddie,gpeaddie8j@mashable.com,2034 Oak Alley,Poland,5 Day,TShirt,Black,Large
8280,Siward,Skipping,sskipping8k@smugmug.com,5056 Hovde Pass,Gabon,5 Day,Sweatshirt,Yellow,X Large
7710,Freddie,Tenman,ftenman8l@discovery.com,216 Maple Wood Hill,Jamaica,1 Day,Hoody,Grey,X Large
3750,Kippie,Jupp,kjupp8m@slideshare.net,597 Twin Pines Plaza,Indonesia,1 Day,TShirt,Red,Small
8143,Hamid,Hardes,hhardes8n@npr.org,50 Village Green Lane,France,2 Day,Hat,Grey,Large
9142,Tracie,Hawkyens,thawkyens8o@creativecommons.org,919 Buhler Alley,China,5 Day,Sweatshirt,Yellow,Large
7331,Melinda,Andrysek,mandrysek8p@army.mil,13 Summit Junction,Lithuania,1 Day,Sweatshirt,Yellow,Small
8559,Karalee,Ayshford,kayshford8q@ifeng.com,339 Lawn Pass,Russia,2 Day,TShirt,Black,Medium
1482,Dian,Lohden,dlohden8r@youku.com,138 Corben Junction,Czech Republic,2 Day,Hoody,Yellow,Small
3152,Walt,Laroze,wlaroze8s@istockphoto.com,2216 Nova Road,Reunion,2 Day,TShirt,Red,Large
2310,Seymour,Riley,sriley8t@diigo.com,845 Burrows Center,China,5 Day,TShirt,Grey,Small
9294,Verene,Spyer,vspyer8u@java.com,62 Farmco Court,Cameroon,2 Day,Sweatshirt,White,Medium
1385,Jasen,Mitkcov,jmitkcov8v@google.pl,3910 Thierer Court,China,5 Day,Sweatshirt,Black,X Large
2979,Kalindi,Byham,kbyham8w@free.fr,95 Cascade Place,Ecuador,5 Day,TShirt,Black,Large
5417,Sherman,Korneichik,skorneichik8x@blogger.com,10698 Westport Pass,Indonesia,1 Day,Hat,Black,X Large
6064,Skylar,Nurden,snurden8y@wikipedia.org,80322 Carpenter Road,China,2 Day,Sweatshirt,Red,X Large
7971,Mair,Emons,memons8z@businessweek.com,2 Hagan Crossing,Vietnam,1 Day,Hat,Yellow,Medium
6897,Crystal,Barbe,cbarbe90@uiuc.edu,3218 Jay Park,Philippines,1 Day,Hat,White,X Large
4861,Reginauld,Lune,rlune91@dot.gov,669 Westend Lane,Taiwan,1 Day,Sweatshirt,Red,Small
1062,Vera,Maneylaws,vmaneylaws92@google.fr,69663 East Crossing,South Korea,1 Day,Sweatshirt,Yellow,Small
9933,Che,Sanbrook,csanbrook93@tamu.edu,4 Coolidge Pass,United States,1 Day,Sweatshirt,Red,Medium
2445,Laurice,Madre,lmadre94@patch.com,1 Duke Crossing,Indonesia,5 Day,TShirt,White,Medium
5930,Laird,De Nisco,ldenisco95@buzzfeed.com,94 Schmedeman Road,France,2 Day,TShirt,Yellow,Small
1711,Bartie,Hrinchenko,bhrinchenko96@ebay.com,6847 Ruskin Way,Japan,2 Day,Sweatshirt,Grey,Small
1151,Benedetta,Rowdell,browdell97@guardian.co.uk,22 Alpine Circle,Sweden,1 Day,Hoody,Black,Large
6922,Goldarina,Cymper,gcymper98@slideshare.net,28521 Muir Trail,Peru,1 Day,Hat,Black,Large
2930,Raychel,Lindroos,rlindroos99@163.com,1272 Bowman Park,China,2 Day,Hat,Yellow,X Large
6039,Arlana,Camili,acamili9a@tumblr.com,6 American Ash Point,Albania,2 Day,TShirt,Yellow,Large
4808,Jeniece,Privett,jprivett9b@surveymonkey.com,3 Haas Lane,China,2 Day,TShirt,Black,X Large
4034,Kordula,Siege,ksiege9c@edublogs.org,5 Oneill Center,France,2 Day,TShirt,Grey,Large
3405,Verile,Flemming,vflemming9d@domainmarket.com,22300 Meadow Ridge Park,China,5 Day,Hat,Grey,X Large
1962,Katharine,Brigge,kbrigge9e@ask.com,7 Forster Place,Serbia,5 Day,Hoody,Red,Medium
9862,Quintilla,MacGovern,qmacgovern9f@shutterfly.com,1686 Northview Avenue,Cambodia,5 Day,Sweatshirt,Black,X Large
5883,Duffie,Garrard,dgarrard9g@amazon.com,3 Novick Alley,China,5 Day,Sweatshirt,White,X Large
9376,Erminie,Edess,eedess9h@51.la,0 Rieder Circle,China,1 Day,Hat,Red,Medium
1014,Marylinda,Coupar,mcoupar9i@cnbc.com,9494 Sunnyside Parkway,Finland,1 Day,Hat,Yellow,X Large
3635,Sibyl,Shortin,sshortin9j@hao123.com,3398 Maple Wood Trail,Luxembourg,5 Day,TShirt,White,Large
2809,Claude,Gohier,cgohier9k@washingtonpost.com,52 Memorial Plaza,Russia,1 Day,Hat,Black,Medium
8148,Bonnie,McLise,bmclise9l@economist.com,2635 Moulton Lane,Sri Lanka,2 Day,Sweatshirt,Yellow,X Large
8838,Godfree,Shirt,gshirt9m@fotki.com,596 Ohio Court,Poland,2 Day,TShirt,Black,Medium
4938,Dalston,Mattei,dmattei9n@state.gov,46956 Meadow Ridge Road,Brazil,1 Day,Hoody,Black,Large
4343,Antons,Mayoral,amayoral9o@washington.edu,44 Corscot Pass,Slovenia,5 Day,Hoody,White,Large
8717,Suzanne,Jakubowsky,sjakubowsky9p@mashable.com,13 Sherman Park,Portugal,2 Day,TShirt,White,Large
4950,Audra,Dolling,adolling9q@theglobeandmail.com,35223 Linden Terrace,Philippines,1 Day,Hoody,White,Medium
8121,Klara,Jaquest,kjaquest9r@loc.gov,4866 Bonner Crossing,Portugal,2 Day,Hoody,Red,Medium
2257,Mickey,Woollacott,mwoollacott9s@huffingtonpost.com,4 Lindbergh Road,China,2 Day,TShirt,Yellow,Medium
4490,Jorrie,Washtell,jwashtell9t@ask.com,166 Moulton Trail,Indonesia,5 Day,Hat,White,Large
3043,Rowena,Balazs,rbalazs9u@github.com,35 Butterfield Way,China,1 Day,Hoody,Yellow,Medium
5816,Inga,Hallahan,ihallahan9v@mlb.com,4476 Lindbergh Parkway,Afghanistan,1 Day,Hoody,White,Large
8561,Karolina,Rushmare,krushmare9w@youtu.be,06 Golf Course Terrace,Indonesia,2 Day,TShirt,Red,Medium
8856,Ainslie,Scoggin,ascoggin9x@bloglovin.com,56112 Mendota Terrace,Panama,5 Day,Hoody,Yellow,Large
9759,Edwin,Bartunek,ebartunek9y@github.com,56 Forest Dale Alley,China,5 Day,TShirt,White,Large
9822,Rogers,Stubley,rstubley9z@seattletimes.com,2 Messerschmidt Center,Russia,2 Day,TShirt,Red,X Large
1783,Chery,O'Corrigane,cocorriganea0@ycombinator.com,14 Raven Place,Portugal,5 Day,Sweatshirt,Grey,Large
4845,Lilla,Robez,lrobeza1@networkadvertising.org,8830 Lakewood Crossing,Indonesia,5 Day,Hoody,Red,X Large
9485,Marc,Djurisic,mdjurisica2@eepurl.com,39 Stephen Circle,China,2 Day,Sweatshirt,Red,Small
7490,Jacobo,Calkin,jcalkina3@technorati.com,0 Grayhawk Terrace,Bahamas,5 Day,Sweatshirt,Yellow,Large
1768,Corrinne,Mulcahy,cmulcahya4@seesaa.net,764 Darwin Alley,Czech Republic,5 Day,TShirt,White,Medium
4649,Heath,Sheryne,hsherynea5@constantcontact.com,509 Roxbury Alley,Indonesia,2 Day,Hoody,Red,X Large
4722,Brenna,Fidelli,bfidellia6@comcast.net,463 American Road,China,2 Day,Hoody,Black,Medium
1279,Nolie,Giuron,ngiurona7@privacy.gov.au,8 Harper Crossing,Indonesia,1 Day,Hoody,Black,Small
8291,Wiley,Shelmerdine,wshelmerdinea8@google.com.br,6169 Menomonie Trail,Indonesia,5 Day,Sweatshirt,Red,Small
4272,Nevsa,Belliss,nbellissa9@harvard.edu,99 East Circle,Japan,1 Day,Hoody,Grey,X Large
8432,Peggie,Upward,pupwardaa@webs.com,3437 Shasta Pass,China,5 Day,TShirt,Red,Large
1538,Rowan,Kerans,rkeransab@booking.com,2 Upham Plaza,China,5 Day,Sweatshirt,Black,X Large
8201,Astrix,Emps,aempsac@unicef.org,23289 Green Ridge Lane,Portugal,2 Day,TShirt,Black,X Large
8822,Read,Goodyer,rgoodyerad@marriott.com,852 Stang Point,China,1 Day,Hat,White,Small
2010,Laughton,Rafferty,lraffertyae@whitehouse.gov,5 Bobwhite Circle,Portugal,5 Day,Hat,Black,Medium
2930,Orly,Oley,ooleyaf@wikispaces.com,72381 Moland Junction,Sweden,1 Day,Hat,White,Large
2628,Inness,Hankinson,ihankinsonag@devhub.com,8 Roxbury Way,Indonesia,2 Day,Hoody,Red,Large
7750,Venus,Hardware,vhardwareah@howstuffworks.com,3788 Esch Park,Chad,5 Day,Hat,White,X Large
2196,Josiah,Bineham,jbinehamai@google.es,8976 Montana Parkway,Iran,1 Day,TShirt,Black,Small
9403,Luci,Lilleycrop,llilleycropaj@techcrunch.com,26250 Kingsford Terrace,Poland,2 Day,Hoody,Yellow,Large
6635,Matty,Poultney,mpoultneyak@bloglovin.com,018 6th Trail,Iraq,2 Day,Sweatshirt,Grey,Small
9458,Eugenius,Dowley,edowleyal@mit.edu,56 Thierer Point,Poland,5 Day,Hat,Grey,X Large
5175,Codie,Ayling,caylingam@prlog.org,194 Shelley Park,Honduras,1 Day,TShirt,Black,Small
8950,Blythe,Vlasov,bvlasovan@bloglines.com,01 Larry Park,Russia,5 Day,TShirt,Black,Medium
7275,Mellisa,Bosnell,mbosnellao@pbs.org,4964 Lakewood Gardens Plaza,Greece,1 Day,Sweatshirt,Grey,X Large
8744,Muffin,Esslement,messlementap@mashable.com,74 Bay Trail,Peru,5 Day,Sweatshirt,White,Large
8293,Jerry,Turneux,jturneuxaq@fda.gov,30906 Evergreen Junction,Indonesia,1 Day,Hat,Grey,Medium
1049,Agnella,Tidmas,atidmasar@smugmug.com,0 Randy Center,Brazil,2 Day,Sweatshirt,White,Small
1076,Nate,Bronot,nbronotas@drupal.org,29 Garrison Circle,China,1 Day,Hat,Yellow,Medium
4190,Frasquito,Duesbury,fduesburyat@wikimedia.org,3753 Wayridge Plaza,Philippines,1 Day,Hat,Grey,X Large
7420,Karee,Fink,kfinkau@hugedomains.com,3 Surrey Terrace,Poland,2 Day,Hat,Black,X Large
3467,Moritz,Savary,msavaryav@dot.gov,360 Northland Avenue,Brazil,5 Day,Hoody,Yellow,X Large
3089,Frasco,Krol,fkrolaw@ucsd.edu,95734 Tomscot Terrace,Russia,2 Day,TShirt,Black,X Large
8846,Idalina,Dabnot,idabnotax@businesswire.com,92247 Tomscot Center,Portugal,1 Day,TShirt,Black,Medium
2700,Lacy,Ringe,lringeay@newyorker.com,83 Badeau Street,Belarus,1 Day,TShirt,Yellow,Small
7599,Adriana,Life,alifeaz@fc2.com,61442 Linden Point,Indonesia,1 Day,TShirt,Grey,Medium
9154,Emanuele,Jenkison,ejenkisonb0@irs.gov,55 Golf Course Way,Saudi Arabia,5 Day,TShirt,Yellow,Medium
4888,Manuel,Casier,mcasierb1@opera.com,63 Starling Crossing,Madagascar,1 Day,Sweatshirt,White,Large
3173,Rudie,Manning,rmanningb2@nasa.gov,083 Welch Road,Afghanistan,5 Day,Hat,Yellow,Small
4458,Tory,Wollacott,twollacottb3@linkedin.com,2236 Nova Road,Greece,2 Day,Sweatshirt,Yellow,X Large
4443,Agnesse,Woolfall,awoolfallb4@geocities.com,1265 Orin Plaza,Thailand,5 Day,Hoody,White,Medium
9294,Beverie,Menico,bmenicob5@arizona.edu,81 Ruskin Road,Saint Barthelemy,1 Day,TShirt,Black,Large
2495,Nonah,Hursey,nhurseyb6@diigo.com,91012 Manitowish Point,Mexico,2 Day,Hoody,White,Large
2240,Bella,Caldero,bcalderob7@usatoday.com,2 Calypso Alley,Nicaragua,1 Day,TShirt,Black,X Large
1124,Marchelle,Theurer,mtheurerb8@photobucket.com,281 Park Meadow Junction,Poland,1 Day,Hat,White,Small
3944,Anallese,Castelijn,acastelijnb9@imageshack.us,61983 Bowman Alley,Colombia,5 Day,Hat,Yellow,Small
8019,Joellen,Pendrick,jpendrickba@ucla.edu,51706 Hoepker Plaza,Japan,5 Day,Hoody,Yellow,X Large
6383,Kathrine,Edgcumbe,kedgcumbebb@arstechnica.com,93432 Colorado Road,Morocco,2 Day,Hat,Yellow,Large
6015,Joni,Clapson,jclapsonbc@youtu.be,01 Tennessee Junction,South Korea,1 Day,Hoody,Grey,Large
2843,Eric,Aleshkov,ealeshkovbd@gnu.org,913 Rutledge Parkway,Belarus,2 Day,Sweatshirt,Grey,Medium
8167,Alvina,O'Donovan,aodonovanbe@amazon.com,733 Hermina Alley,Morocco,5 Day,TShirt,Grey,Small
5849,Britta,Keyzman,bkeyzmanbf@narod.ru,17445 Oneill Terrace,Indonesia,1 Day,TShirt,Yellow,Medium
7811,Nicholas,Cardoo,ncardoobg@virginia.edu,0416 Starling Park,East Timor,2 Day,Hoody,Red,X Large
2113,Daryl,MacMoyer,dmacmoyerbh@adobe.com,93818 Luster Plaza,Vietnam,2 Day,TShirt,Grey,X Large
1158,Artur,Semiraz,asemirazbi@samsung.com,53935 Forest Dale Crossing,Mexico,5 Day,Hat,Yellow,X Large
6720,Merv,Swatheridge,mswatheridgebj@drupal.org,0 Schiller Crossing,China,2 Day,Sweatshirt,Black,Large
3631,Lannie,Liversedge,lliversedgebk@amazon.co.jp,7417 Riverside Court,Thailand,2 Day,Hoody,Black,Medium
7081,Lizette,Soall,lsoallbl@reuters.com,4714 Bartelt Alley,China,1 Day,Hoody,Red,X Large
9116,Konstance,Casini,kcasinibm@umn.edu,3888 Goodland Road,Poland,5 Day,Hoody,Yellow,Medium
6557,Merola,Cleyne,mcleynebn@biglobe.ne.jp,4389 Karstens Lane,Cameroon,5 Day,Sweatshirt,Black,Small
9201,Kakalina,Teanby,kteanbybo@pbs.org,9 Sommers Trail,Russia,5 Day,Sweatshirt,Red,Large
2784,Kylila,Beviss,kbevissbp@cloudflare.com,264 Clemons Place,Democratic Republic of the Congo,5 Day,Hoody,Black,Large
8990,Vincenz,Renfree,vrenfreebq@w3.org,0896 Declaration Circle,Armenia,1 Day,Hat,Red,Medium
6924,Dew,Faustian,dfaustianbr@lycos.com,3803 Oak Valley Avenue,United States,2 Day,Sweatshirt,Red,X Large
9865,Cherise,Morphey,cmorpheybs@flickr.com,7 Novick Trail,Czech Republic,5 Day,Hat,Grey,X Large
7467,Marjie,Littleproud,mlittleproudbt@salon.com,1856 Northland Hill,Peru,1 Day,TShirt,Yellow,Small
1208,Boone,Charrisson,bcharrissonbu@de.vu,2181 Del Sol Alley,France,1 Day,TShirt,Grey,X Large
7419,Germana,Durran,gdurranbv@squidoo.com,653 Oriole Avenue,Indonesia,2 Day,Sweatshirt,Yellow,X Large
7960,Shannah,Stapells,sstapellsbw@ask.com,12 Ludington Hill,Philippines,2 Day,Sweatshirt,Grey,Small
4592,Persis,Grimsdell,pgrimsdellbx@mashable.com,8212 Little Fleur Terrace,Czech Republic,1 Day,Hoody,Red,Large
2920,Andrea,Yetman,ayetmanby@pcworld.com,53887 Monterey Plaza,Ukraine,1 Day,Sweatshirt,Red,Large
7262,Linoel,Gamet,lgametbz@mapy.cz,4383 Hazelcrest Center,Indonesia,2 Day,Hoody,Black,X Large
4850,Dominic,Latch,dlatchc0@stanford.edu,94 Carpenter Center,Poland,5 Day,Hat,Grey,Medium
5649,Missy,Weavers,mweaversc1@twitpic.com,28874 Magdeline Road,Sweden,1 Day,Sweatshirt,White,Small
6309,Goddart,Stanes,gstanesc2@hatena.ne.jp,625 Doe Crossing Way,Ireland,1 Day,Hoody,Yellow,Small
1947,Nicolai,Klas,nklasc3@java.com,4452 Maple Wood Pass,Portugal,2 Day,Hoody,White,Medium
8716,Ermina,Olenchikov,eolenchikovc4@1und1.de,067 Northfield Avenue,Poland,1 Day,Hoody,Grey,Medium
1170,Marieann,Napper,mnapperc5@themeforest.net,33923 Nelson Pass,Indonesia,1 Day,Sweatshirt,Yellow,Large
9500,Wildon,Chamberlain,wchamberlainc6@vinaora.com,9415 Cherokee Park,China,2 Day,Sweatshirt,White,Large
7097,Chad,Beranek,cberanekc7@unc.edu,7488 Forest Run Court,Thailand,2 Day,Hat,Yellow,Medium
2465,Gilbert,Swalwell,gswalwellc8@usatoday.com,2 Lighthouse Bay Street,Canada,2 Day,TShirt,Yellow,X Large
1190,Matilda,Southway,msouthwayc9@umich.edu,46 Johnson Circle,Angola,2 Day,Hat,White,Medium
7571,Danella,Semble,dsembleca@aboutads.info,90466 Homewood Way,France,5 Day,Hat,Black,Medium
5848,Pippo,Jessel,pjesselcb@printfriendly.com,6 Mayer Street,Yemen,5 Day,Sweatshirt,White,X Large
1294,Karole,Grendon,kgrendoncc@ebay.co.uk,15507 Waxwing Lane,Peru,2 Day,Sweatshirt,Black,Small
4648,Wynn,Marking,wmarkingcd@nba.com,69 Autumn Leaf Way,China,1 Day,TShirt,White,X Large
9464,Rafael,Velez,rvelezce@facebook.com,12 Lillian Plaza,South Africa,1 Day,Hoody,White,X Large
2267,Florian,Willard,fwillardcf@xing.com,4 Becker Drive,Armenia,1 Day,Hat,Yellow,Large
3316,Orion,Pietrusiak,opietrusiakcg@xrea.com,635 Lyons Crossing,Colombia,1 Day,Sweatshirt,Black,Small
2636,Berny,Pionter,bpionterch@nbcnews.com,6 Longview Pass,China,5 Day,Sweatshirt,Black,Medium
7528,Oneida,Danilin,odanilinci@rambler.ru,28 Old Gate Avenue,Indonesia,5 Day,Sweatshirt,White,Small
2468,Marchall,Fawlo,mfawlocj@parallels.com,99 Stuart Lane,Syria,5 Day,Sweatshirt,Black,Medium
8461,Tab,Tilberry,ttilberryck@google.ru,59 Delaware Parkway,Thailand,5 Day,Sweatshirt,Red,Large
8888,Neala,Bruton,nbrutoncl@last.fm,00 Hudson Parkway,Spain,1 Day,Sweatshirt,Black,Small
7810,Onfroi,Fernandez,ofernandezcm@pbs.org,5 Portage Junction,China,2 Day,TShirt,Grey,Medium
9362,Harrison,Lamey,hlameycn@wired.com,64 Meadow Ridge Avenue,Ecuador,5 Day,TShirt,White,Medium
9887,Ulrika,Mussilli,umussillico@walmart.com,8 Straubel Court,Philippines,2 Day,Hat,Black,Medium
1850,Karilynn,Orys,koryscp@printfriendly.com,86651 Lake View Park,China,5 Day,Hat,White,X Large
1375,Daisie,Narramor,dnarramorcq@engadget.com,1 Banding Lane,China,5 Day,TShirt,White,Small
3633,Teddie,Dignam,tdignamcr@wisc.edu,338 Karstens Street,China,1 Day,Sweatshirt,White,Medium
7871,Pia,Shyram,pshyramcs@joomla.org,05 Bowman Alley,Argentina,1 Day,TShirt,Red,Small
5446,Dalis,Cuncliffe,dcuncliffect@yolasite.com,3 Grim Point,Germany,2 Day,TShirt,Grey,Medium
2794,Abeu,Ryman,arymancu@goo.ne.jp,4345 Sheridan Pass,Brazil,5 Day,Sweatshirt,White,Small
3996,Elbertine,Bosley,ebosleycv@reuters.com,6 Welch Road,China,2 Day,Sweatshirt,Red,Small
1769,Karlee,Sinncock,ksinncockcw@elpais.com,8 Dovetail Road,Brazil,1 Day,TShirt,Grey,Medium
6243,Guenna,Malam,gmalamcx@plala.or.jp,14096 Bay Lane,Sweden,2 Day,TShirt,Yellow,X Large
3734,Netti,Aldersey,nalderseycy@fema.gov,215 Muir Plaza,Philippines,1 Day,Hat,White,X Large
2754,Rahel,Slevin,rslevincz@sitemeter.com,7 Kropf Avenue,Sweden,2 Day,Hoody,Red,Large
4422,Avie,Jones,ajonesd0@wiley.com,325 Schmedeman Street,Mexico,5 Day,Sweatshirt,Black,Small
1785,Franky,Myhill,fmyhilld1@vkontakte.ru,90 Continental Drive,Vietnam,5 Day,Sweatshirt,Red,Small
1080,Dominique,Grimsey,dgrimseyd2@ebay.co.uk,8 Summer Ridge Crossing,Nigeria,2 Day,Sweatshirt,Yellow,Small
5862,Petra,Lasselle,plasselled3@people.com.cn,4212 Stephen Plaza,Macedonia,2 Day,TShirt,Yellow,X Large
7321,Alexa,Talman,atalmand4@kickstarter.com,41687 Dunning Center,China,5 Day,Sweatshirt,White,Large
9970,Romy,Kellie,rkellied5@mlb.com,8020 Autumn Leaf Crossing,United States,1 Day,Hoody,Black,Large
5058,Corrina,McCaughren,cmccaughrend6@admin.ch,155 Hanover Hill,Pakistan,5 Day,Hat,Grey,X Large
2324,Corine,Tuft,ctuftd7@scribd.com,14 Barby Street,Philippines,2 Day,Hoody,White,Medium
9895,Theressa,Ebbett,tebbettd8@google.it,2121 Crownhardt Hill,China,1 Day,Hat,Black,Medium
6532,Adelind,Paulon,apaulond9@4shared.com,68299 Declaration Circle,Spain,2 Day,Sweatshirt,Grey,Large
4973,Caye,Campany,ccampanyda@hubpages.com,2 Hoepker Parkway,China,1 Day,Hat,Red,Medium
2193,Stearne,Brooksby,sbrooksbydb@pagesperso-orange.fr,5 Hallows Terrace,Indonesia,5 Day,Sweatshirt,Red,Small
3747,Dyanna,Petrovic,dpetrovicdc@fc2.com,589 Springview Crossing,China,2 Day,Hat,Red,Medium
5521,Murdock,Moult,mmoultdd@businessinsider.com,8486 Spohn Trail,Indonesia,5 Day,TShirt,Red,Large
3865,Emeline,Woosnam,ewoosnamde@unblog.fr,2 Hovde Circle,China,2 Day,Sweatshirt,Yellow,Medium
1007,Catie,Jacomb,cjacombdf@icio.us,93 Brentwood Hill,China,5 Day,Sweatshirt,White,Large
7361,Kara,Giacomucci,kgiacomuccidg@oracle.com,574 Aberg Crossing,China,1 Day,TShirt,Black,Small
3229,Issy,Jozef,ijozefdh@diigo.com,40527 Montana Trail,China,5 Day,Hat,White,Large
3818,Caldwell,Dowey,cdoweydi@technorati.com,3 Lotheville Plaza,Japan,5 Day,Hoody,Yellow,X Large
5744,Britney,Petrolli,bpetrollidj@vk.com,9 Nevada Center,Indonesia,2 Day,Hoody,Yellow,X Large
6598,Anthiathia,Cescot,acescotdk@photobucket.com,03253 Londonderry Drive,Tunisia,1 Day,Sweatshirt,Red,Large
9443,Gussi,Lamperti,glampertidl@wix.com,248 5th Pass,Portugal,1 Day,TShirt,Grey,Small
4812,Thedrick,Fleckney,tfleckneydm@pbs.org,6 Moulton Street,Brazil,5 Day,Hat,White,Small
8518,Hube,Dennick,hdennickdn@canalblog.com,5 Division Crossing,Pakistan,2 Day,Sweatshirt,Red,Large
7901,Marlin,Cannell,mcannelldo@google.co.uk,62 Florence Junction,China,5 Day,Hat,Yellow,Large
8199,Benetta,Huyghe,bhuyghedp@google.fr,5 Nevada Point,Brazil,1 Day,Hoody,Black,Medium
1935,Fletcher,Niesing,fniesingdq@odnoklassniki.ru,76520 Atwood Street,Peru,5 Day,Sweatshirt,Yellow,Medium
6102,Norton,McInally,nmcinallydr@sakura.ne.jp,103 New Castle Road,Venezuela,2 Day,Sweatshirt,Yellow,X Large
5603,Lyell,Barriball,lbarriballds@noaa.gov,6 Namekagon Junction,Uzbekistan,2 Day,Hoody,Yellow,Large
3499,Sara-ann,Iapico,siapicodt@vimeo.com,973 Hollow Ridge Park,Brazil,2 Day,Hat,Red,Medium
1429,Parker,Morrilly,pmorrillydu@arizona.edu,88 Corscot Hill,Afghanistan,1 Day,Sweatshirt,Grey,X Large
2866,Em,Gawkroge,egawkrogedv@netscape.com,6 Monument Point,China,1 Day,Hat,Yellow,X Large
